{
	"calibInfo": {
		"VideoChannels": [
			{
				"VideoInfo": {
					"mapFrameInfos": [
						{
							"value": {
								"FrameNum": "9yue14ri_3_1_00000000000000000_128_1920_1080_r5414.jpg",
								"mapTargets": [
									{
										"value": {
											"TargetType": 1,
											"Vertex": [
												{
													"fX": 0.33645833333333336,
													"fY": 0.2611111111111111
												},
												{
													"fX": 0.8208333333333333,
													"fY": 0.2611111111111111
												},
												{
													"fX": 0.8208333333333333,
													"fY": 0.8685185185185185
												},
												{
													"fX": 0.33645833333333336,
													"fY": 0.8685185185185185
												}
											],
											"PropertyPages": [
												{
													"PropertyPageDescript": "奥特曼"
												}
											]
										}
									}
								]
							}
						}
					]
				}
			}
		]
	}
}