{
	"calibInfo": {
		"VideoChannels": [
			{
				"VideoInfo": {
					"mapFrameInfos": [
						{
							"value": {
								"FrameNum": "9yue14ri_3_1_00000000000000000_156_1920_1080_r6226.jpg",
								"mapTargets": [
									{
										"value": {
											"TargetType": 1,
											"Vertex": [
												{
													"fX": 0.13645833333333332,
													"fY": 0.32592592592592595
												},
												{
													"fX": 0.475,
													"fY": 0.32592592592592595
												},
												{
													"fX": 0.475,
													"fY": 0.8231481481481482
												},
												{
													"fX": 0.13645833333333332,
													"fY": 0.8231481481481482
												}
											],
											"PropertyPages": [
												{
													"PropertyPageDescript": "小王子"
												}
											]
										}
									}
								]
							}
						}
					]
				}
			}
		]
	}
}