{
	"calibInfo": {
		"VideoChannels": [{
			"VideoInfo": {
				"mapFrameInfos": [{
					"value": {
						"FrameNum": "044c6f961e744f50906b129cdafe6386.jpg",//图片名
						"mapTargets": [{
							"value": {
								"TargetType": 3,//1--矩形，3--四边形，OCR必须为四边形
								"Vertex": [{//四边形四个顶点，必须为凸四边形
									"fX": 0.18681319057941438,
									"fY": 0.4218240976333618
								},
								{
									"fX": 0.33974358439445498,
									"fY": 0.4218240976333618
								},
								{
									"fX": 0.33974358439445498,
									"fY": 0.7931596040725708
								},
								{
									"fX": 0.18681319057941438,
									"fY": 0.7931596040725708
								}],
								"PropertyPages": [{
									"TagGroups": [{
										"Tags": [{
											"TagDescript": "文字内容",//写死"文字内容"
											"SubTags": [{
												"SubTagValue": "OCR文字内容"//OCR文字内容
											}]
										}]
									}]
								}]
							}
						}]
					}
				}]
			}
		}]
	}
}