{
	"calibInfo": {
		"VideoChannels": [{
			"VideoInfo": {
				"mapFrameInfos": [{
					"value": {
						"FrameNum": "044c6f961e744f50906b129cdafe6386.jpg",//图片名
						"mapTargets": [{
							"value": {
								"Vertex": [{//多边形坐标点，点数量>=3个
									"fX": 0.18681319057941438,
									"fY": 0.4218240976333618
								},
								{
									"fX": 0.33974358439445498,
									"fY": 0.4218240976333618
								},
								{
									"fX": 0.33974358439445498,
									"fY": 0.7931596040725708
								},
								{
									"fX": 0.18681319057941438,
									"fY": 0.7931596040725708
								}],
								"PropertyPages": [{
									"PropertyPageDescript": "检测标签名"//检测标签名
								}]
							}
						}]
					}
				}]
			}
		}]
	}
}