{
	"calibInfo": {
		"VideoChannels": [{
			"VideoInfo": {
				"mapFrameInfos": [{
					"value": {
						"FrameNum": "044c6f961e744f50906b129cdafe6386.jpg",//图片名
						"mapTargets": [{
							"value": {
								"TargetType": 1,//1--矩形，3--四边形，图像比对必须为矩形
								"Vertex": [{//矩形四个顶点坐标
									"fX": 0.18681319057941438,
									"fY": 0.4218240976333618
								},
								{
									"fX": 0.33974358439445498,
									"fY": 0.4218240976333618
								},
								{
									"fX": 0.33974358439445498,
									"fY": 0.7931596040725708
								},
								{
									"fX": 0.18681319057941438,
									"fY": 0.7931596040725708
								}]
							}
						}]
					}
				}]
			}
		}]
	}
}