{
	"calibInfo": {
		"VideoChannels": [{
			"VideoInfo": {
				"mapFrameInfos": [{
					"value": {
						"FrameNum": "044c6f961e744f50906b129cdafe6386.jpg",//图片名
						"mapTargets": [{
							"value": {
								"TargetType": 1,//1--矩形，3--四边形
								"Vertex": [{//矩形或者四边形四个顶点坐标，四边形必须为凸四边形
									"fX": 0.18681319057941438,
									"fY": 0.4218240976333618
								},
								{
									"fX": 0.33974358439445498,
									"fY": 0.4218240976333618
								},
								{
									"fX": 0.33974358439445498,
									"fY": 0.7931596040725708
								},
								{
									"fX": 0.18681319057941438,
									"fY": 0.7931596040725708
								}],
								"PropertyPages": [{
									"PropertyPageDescript": "检测标签名",//检测标签名
									"TagGroups": [{
										"Tags": [{
											"TagDescript": "一级分类标签名",//一级分类标签名
											"SubTags": [{
												"SubTagDescript": "二级分类标签名"//二级分类标签名
											}]
										}]
									}]
								}]
							}
						}]
					}
				}]
			}
		}]
	}
}