{
    "calibInfo": {
        "VideoChannels": [
            {
                "VideoInfo": {
                    "mapFrameInfos": [
                        {
                            "value": {
                                "FrameNum": "28f8c884ea2b44c48a137221a0562721.jpeg",//图片名称
                                "mapTargets": [
                                    {
                                        "value": {
                                            "PropertyPages": [
                                                {
                                                    "PropertyPageDescript": "标签名",//标签名称
                                                    "TagGroups": [{
                                                        "Tags": [{
                                                            "TagDescript": "字符",//写死"字符"
                                                            "SubTags": [{
                                                                "SubTagValue": "文字内容1"//文字内容
                                                            }]
                                                        }]
                                                    }]
                                                }
                                            ],
                                            "TargetType": 3,//必须是3，结构化OCR只支持四边形标注
                                            "Vertex": [
                                                {
                                                    "fX": 0.582812488079071,
                                                    "fY": 0.3033088147640228
                                                },
                                                {
                                                    "fX": 0.699999988079071,
                                                    "fY": 0.24080882966518402
                                                },
                                                {
                                                    "fX": 0.7359374761581421,
                                                    "fY": 0.39430147409439087
                                                },
                                                {
                                                    "fX": 0.6145833134651184,
                                                    "fY": 0.47150734066963196
                                                }
                                            ]
                                        }
                                    },
                                    {
                                        "value": {
                                            "PropertyPages": [
                                                {
                                                    "PropertyPageDescript": "标签名",
                                                    "TagGroups": [{
                                                        "Tags": [{
                                                            "TagDescript": "字符",
                                                            "SubTags": [{
                                                                "SubTagValue": "文字内容2"
                                                            }]
                                                        }]
                                                    }]
                                                }
                                            ],
                                            "TargetType": 3,
                                            "Vertex": [
                                                {
                                                    "fX": 0.29218751192092896,
                                                    "fY": 0.34650734066963196
                                                },
                                                {
                                                    "fX": 0.23333333432674408,
                                                    "fY": 0.5128676295280457
                                                },
                                                {
                                                    "fX": 0.18958333134651184,
                                                    "fY": 0.3115808963775635
                                                },
                                                {
                                                    "fX": 0.24375000596046448,
                                                    "fY": 0.18933823704719543
                                                }
                                            ]
                                        }
                                    }
                                ]
                            }
                        },
                        {
                            "value": {
                                "FrameNum": "b89e3f6d61a44632b9c6866cf486e2df.jpeg",
                                "mapTargets": [
                                    {
                                        "value": {
                                            "PropertyPages": [
                                                {
                                                    "PropertyPageDescript": "标签名",
                                                    "TagGroups": [{
                                                        "Tags": [{
                                                            "TagDescript": "字符",
                                                            "SubTags": [{
                                                                "SubTagValue": "文字内容3"
                                                            }]
                                                        }]
                                                    }]
                                                }
                                            ],
                                            "TargetType": 3,
                                            "Vertex": [
                                                {
                                                    "fX": 0.6088541746139526,
                                                    "fY": 0.45680147409439087
                                                },
                                                {
                                                    "fX": 0.5864583253860474,
                                                    "fY": 0.2748161852359772
                                                },
                                                {
                                                    "fX": 0.753125011920929,
                                                    "fY": 0.25827205181121826
                                                },
                                                {
                                                    "fX": 0.7604166865348816,
                                                    "fY": 0.42555147409439087
                                                }
                                            ]
                                        }
                                    },
                                    {
                                        "value": {
                                            "PropertyPages": [
                                                {
                                                    "PropertyPageDescript": "标签名",
                                                    "TagGroups": [{
                                                        "Tags": [{
                                                            "TagDescript": "字符",